{
"lengthUnit": "mil",
"components": {
	"fields": ["COMPONENT_NO", "COMPONENT_NAME", "LAYER", "X_COORDINATE", "Y_COORDINATE", "ANGLE"],
	"rows": [
		[1, "C1", "T", 1144, -926, 180],
		[2, "C2", "T", 1014, -924, 0],
		[3, "C3", "T", 1330, -880, 90],
		[4, "C4", "B", 423, -190, 0],
		[5, "C5", "B", 423, -350, 0],
		[6, "C6", "B", 423, -510, 0],
		[7, "C7", "B", 423, -670, 0],
		[8, "C8", "B", 1346, -186, 180],
		[9, "C9", "B", 1346, -346, 180],
		[10, "C10", "B", 1346, -506, 180],
		[11, "C11", "B", 1346, -666, 180],
		[12, "C12", "T", 1142, -1144, 180],
		[13, "C13", "B", 608, -1026, 270],
		[14, "C14", "B", 912, -1022, 270],
		[15, "C15", "T", 1014, -1144, 0],
		[16, "C16", "B", 742, -944, 0],
		[17, "C17", "B", 1046, -946, 180],
		[18, "C18", "T", 1330, -1102, 90],
		[19, "C19", "T", 1143, -1368, 180],
		[20, "C20", "T", 1012, -1366, 0],
		[21, "C21", "T", 1330, -1326, 90],
		[22, "C22", "T", 604, -1257.06, 0],
		[23, "C23", "T", 657.59, -793.12, 180],
		[24, "C25", "T", 732.88, -1059.17, 0],
		[25, "C26", "T", 730.99, -1137.43, 0],
		[26, "C27", "T", 462, -1255.06, 0],
		[27, "C28", "T", 747.94, -1254.94, 180],
		[28, "C30", "T", 415, -260, 180],
		[29, "C31", "T", 415, -585, 180],
		[30, "C32", "T", 1358, -590, 0],
		[31, "C33", "T", 1358, -265, 0],
		[32, "C34", "T", 417.64, -891.51, 90],
		[33, "C36", "T", 570, -1058, 180],
		[34, "C37", "T", 570, -1136, 180],
		[35, "CN5", "T", 1653.54, -1179.64, 90],
		[36, "CN6", "T", 118.11, -1179.64, 90],
		[37, "CN7", "T", 118.11, -590.55, 90],
		[38, "CN8", "T", 1653.54, -590.55, 90],
		[39, "D1", "B", 742, -842, 90],
		[40, "D2", "B", 1046, -842, 90],
		[41, "D3", "B", 612, -842, 90],
		[42, "D4", "B", 916, -842, 90],
		[43, "D5", "T", 446.76, -1094.31, 270],
		[44, "D6", "B", 1500, -1186, 90],
		[45, "D7", "B", 272, -1180, 270],
		[46, "H1", "T", 885.83, -1614.17, 0],
		[47, "L2", "T", 888, -358, 0],
		[48, "L4", "T", 744, -900, 180],
		[49, "Q1", "B", 745, -173, 180],
		[50, "Q2", "B", 750, -473, 180],
		[51, "Q3", "B", 1044, -173, 180],
		[52, "Q4", "B", 1044, -473, 180],
		[53, "R1", "T", 1300, -784, 0],
		[54, "R2", "B", 806, -844, 90],
		[55, "R3", "B", 1110, -844, 270],
		[56, "R4", "B", 604, -318, 90],
		[57, "R5", "B", 904, -318, 90],
		[58, "R6", "T", 1300, -1004, 0],
		[59, "R7", "B", 676, -844, 90],
		[60, "R8", "B", 982, -844, 270],
		[61, "R9", "B", 904, -618, 90],
		[62, "R10", "T", 1300, -1224, 0],
		[63, "R11", "B", 610, -618, 90],
		[64, "R13", "T", 462, -1379.06, 180],
		[65, "R14", "T", 748, -1379.06, 0],
		[66, "R15", "T", 486.92, -893.52, 270],
		[67, "R17", "T", 462, -1439.06, 0],
		[68, "R18", "T", 462, -1319.06, 0],
		[69, "R19", "T", 748, -1319.06, 180],
		[70, "R20", "T", 748, -1439.06, 180],
		[71, "R22", "T", 446.76, -793.12, 180],
		[72, "R23", "B", 1393.48, -843.32, 0],
		[73, "R24", "B", 390, -1412, 0],
		[74, "R25", "B", 1385.45, -1410.55, 0],
		[75, "U1", "T", 1084, -822, 270],
		[76, "U6", "T", 1082, -1042, 270],
		[77, "U7", "B", 726, -1072, 270],
		[78, "U8", "B", 1030, -1072, 270],
		[79, "U10", "T", 1082, -1262, 270],
		[80, "U12", "T", 606, -1363.06, 0],
		[81, "U13", "T", 592.33, -898.54, 270]
	]
},
"pins": {
	"fields": ["PIN_NO", "PIN_NAME", "PIN_X", "PIN_Y", "LAYER", "PIN_TYPE", "NET_NAME", "NET_TYPE", "PAD_SHAPE", "PAD_SIZEX", "PAD_SIZEY", "HOLE_SIZE", "PAD_ANGLE"],
	"rows": [
		[1, "C1_1", 1171.56, -926, "T", "SMD", "AGND", "", "R", 31.5, 35.43, 0, 180],
		[2, "C1_2", 1116.44, -926, "T", "SMD", "VCC_3.3V", "", "R", 31.5, 35.43, 0, 180],
		[3, "C2_1", 986.44, -924, "T", "SMD", "AGND", "", "R", 31.5, 35.43, 0, 0],
		[4, "C2_2", 1041.56, -924, "T", "SMD", "VREF_3.3V", "", "R", 31.5, 35.43, 0, 0],
		[5, "C3_1", 1330, -907.56, "T", "SMD", "AGND", "", "R", 31.5, 35.43, 0, 90],
		[6, "C3_2", 1330, -852.44, "T", "SMD", "ADC_I_WPT", "", "R", 31.5, 35.43, 0, 90],
		[7, "C4_1", 332.74, -190, "B", "SMD", "AGND", "", "R", 58.47, 136.06, 0, 0],
		[8, "C4_2", 513.26, -190, "B", "SMD", "VIN", "", "R", 58.47, 136.06, 0, 0],
		[9, "C5_1", 332.74, -350, "B", "SMD", "AGND", "", "R", 58.47, 136.06, 0, 0],
		[10, "C5_2", 513.26, -350, "B", "SMD", "VIN", "", "R", 58.47, 136.06, 0, 0],
		[11, "C6_1", 332.74, -510, "B", "SMD", "AGND", "", "R", 58.47, 136.06, 0, 0],
		[12, "C6_2", 513.26, -510, "B", "SMD", "VIN", "", "R", 58.47, 136.06, 0, 0],
		[13, "C7_1", 332.74, -670, "B", "SMD", "AGND", "", "R", 58.47, 136.06, 0, 0],
		[14, "C7_2", 513.26, -670, "B", "SMD", "VIN", "", "R", 58.47, 136.06, 0, 0],
		[15, "C8_1", 1436.26, -186, "B", "SMD", "AGND", "", "R", 58.47, 136.06, 0, 180],
		[16, "C8_2", 1255.74, -186, "B", "SMD", "VCAP", "", "R", 58.47, 136.06, 0, 180],
		[17, "C9_1", 1436.26, -346, "B", "SMD", "AGND", "", "R", 58.47, 136.06, 0, 180],
		[18, "C9_2", 1255.74, -346, "B", "SMD", "VCAP", "", "R", 58.47, 136.06, 0, 180],
		[19, "C10_1", 1436.26, -506, "B", "SMD", "AGND", "", "R", 58.47, 136.06, 0, 180],
		[20, "C10_2", 1255.74, -506, "B", "SMD", "VCAP", "", "R", 58.47, 136.06, 0, 180],
		[21, "C11_1", 1436.26, -666, "B", "SMD", "AGND", "", "R", 58.47, 136.06, 0, 180],
		[22, "C11_2", 1255.74, -666, "B", "SMD", "VCAP", "", "R", 58.47, 136.06, 0, 180],
		[23, "C12_1", 1169.56, -1144, "T", "SMD", "AGND", "", "R", 31.5, 35.43, 0, 180],
		[24, "C12_2", 1114.44, -1144, "T", "SMD", "VCC_3.3V", "", "R", 31.5, 35.43, 0, 180],
		[25, "C13_1", 608, -998.44, "B", "SMD", "VCC_12V", "", "R", 31.5, 35.43, 0, 270],
		[26, "C13_2", 608, -1053.56, "B", "SMD", "AGND", "", "R", 31.5, 35.43, 0, 270],
		[27, "C14_1", 912, -994.44, "B", "SMD", "VCC_12V", "", "R", 31.5, 35.43, 0, 270],
		[28, "C14_2", 912, -1049.56, "B", "SMD", "AGND", "", "R", 31.5, 35.43, 0, 270],
		[29, "C15_1", 986.44, -1144, "T", "SMD", "AGND", "", "R", 31.5, 35.43, 0, 0],
		[30, "C15_2", 1041.56, -1144, "T", "SMD", "VREF_3.3V", "", "R", 31.5, 35.43, 0, 0],
		[31, "C16_1", 710.5, -944, "B", "SMD", "$1N4194", "", "R", 23.62, 35.43, 0, 0],
		[32, "C16_2", 773.5, -944, "B", "SMD", "$1N4195", "", "R", 23.62, 35.43, 0, 0],
		[33, "C17_1", 1077.5, -946, "B", "SMD", "$1N4219", "", "R", 23.62, 35.43, 0, 180],
		[34, "C17_2", 1014.5, -946, "B", "SMD", "$1N4246", "", "R", 23.62, 35.43, 0, 180],
		[35, "C18_1", 1330, -1129.56, "T", "SMD", "AGND", "", "R", 31.5, 35.43, 0, 90],
		[36, "C18_2", 1330, -1074.44, "T", "SMD", "ADC_I_CHASSIS", "", "R", 31.5, 35.43, 0, 90],
		[37, "C19_1", 1170.56, -1368, "T", "SMD", "AGND", "", "R", 31.5, 35.43, 0, 180],
		[38, "C19_2", 1115.44, -1368, "T", "SMD", "VCC_3.3V", "", "R", 31.5, 35.43, 0, 180],
		[39, "C20_1", 984.44, -1366, "T", "SMD", "AGND", "", "R", 31.5, 35.43, 0, 0],
		[40, "C20_2", 1039.56, -1366, "T", "SMD", "VREF_3.3V", "", "R", 31.5, 35.43, 0, 0],
		[41, "C21_1", 1330, -1353.56, "T", "SMD", "AGND", "", "R", 31.5, 35.43, 0, 90],
		[42, "C21_2", 1330, -1298.44, "T", "SMD", "ADC_I_IN", "", "R", 31.5, 35.43, 0, 90],
		[43, "C22_1", 576.44, -1257.06, "T", "SMD", "AGND", "", "R", 31.5, 35.43, 0, 0],
		[44, "C22_2", 631.56, -1257.06, "T", "SMD", "VREF_3.3V", "", "R", 31.5, 35.43, 0, 0],
		[45, "C23_1", 685.15, -793.12, "T", "SMD", "$1N4208", "", "R", 31.5, 35.43, 0, 180],
		[46, "C23_2", 630.03, -793.12, "T", "SMD", "$1N71826", "", "R", 31.5, 35.43, 0, 180],
		[47, "C25_1", 693.51, -1059.17, "T", "SMD", "AGND", "", "R", 55.51, 53.15, 0, 0],
		[48, "C25_2", 772.25, -1059.17, "T", "SMD", "VCC_12V", "", "R", 55.51, 53.15, 0, 0],
		[49, "C26_1", 691.62, -1137.43, "T", "SMD", "AGND", "", "R", 55.51, 53.15, 0, 0],
		[50, "C26_2", 770.36, -1137.43, "T", "SMD", "VCC_12V", "", "R", 55.51, 53.15, 0, 0],
		[51, "C27_1", 434.44, -1255.06, "T", "SMD", "ADC_V_IN", "", "R", 31.5, 35.43, 0, 0],
		[52, "C27_2", 489.56, -1255.06, "T", "SMD", "AGND", "", "R", 31.5, 35.43, 0, 0],
		[53, "C28_1", 775.5, -1254.94, "T", "SMD", "ADC_V_CAP", "", "R", 31.5, 35.43, 0, 180],
		[54, "C28_2", 720.38, -1254.94, "T", "SMD", "AGND", "", "R", 31.5, 35.43, 0, 180],
		[55, "C30_1", 483.9, -260, "T", "DIP", "VIN", "", "C", 62.99, 62.99, 39.37, 270],
		[56, "C30_1", 483.9, -260, "B", "DIP", "VIN", "", "C", 62.99, 62.99, 39.37, 270],
		[57, "C30_2", 346.1, -260, "T", "DIP", "AGND", "", "C", 62.99, 62.99, 39.37, 270],
		[58, "C30_2", 346.1, -260, "B", "DIP", "AGND", "", "C", 62.99, 62.99, 39.37, 270],
		[59, "C31_1", 483.9, -585, "T", "DIP", "VIN", "", "C", 62.99, 62.99, 39.37, 270],
		[60, "C31_1", 483.9, -585, "B", "DIP", "VIN", "", "C", 62.99, 62.99, 39.37, 270],
		[61, "C31_2", 346.1, -585, "T", "DIP", "AGND", "", "C", 62.99, 62.99, 39.37, 270],
		[62, "C31_2", 346.1, -585, "B", "DIP", "AGND", "", "C", 62.99, 62.99, 39.37, 270],
		[63, "C32_1", 1289.1, -590, "T", "DIP", "VCAP", "", "C", 62.99, 62.99, 39.37, 90],
		[64, "C32_1", 1289.1, -590, "B", "DIP", "VCAP", "", "C", 62.99, 62.99, 39.37, 90],
		[65, "C32_2", 1426.9, -590, "T", "DIP", "AGND", "", "C", 62.99, 62.99, 39.37, 90],
		[66, "C32_2", 1426.9, -590, "B", "DIP", "AGND", "", "C", 62.99, 62.99, 39.37, 90],
		[67, "C33_1", 1289.1, -265, "T", "DIP", "VCAP", "", "C", 62.99, 62.99, 39.37, 90],
		[68, "C33_1", 1289.1, -265, "B", "DIP", "VCAP", "", "C", 62.99, 62.99, 39.37, 90],
		[69, "C33_2", 1426.9, -265, "T", "DIP", "AGND", "", "C", 62.99, 62.99, 39.37, 90],
		[70, "C33_2", 1426.9, -265, "B", "DIP", "AGND", "", "C", 62.99, 62.99, 39.37, 90],
		[71, "C34_1", 417.64, -919.07, "T", "SMD", "VCC_12V", "", "R", 31.5, 35.43, 0, 90],
		[72, "C34_2", 417.64, -863.95, "T", "SMD", "$1N4214", "", "R", 31.5, 35.43, 0, 90],
		[73, "C36_1", 609.37, -1058, "T", "SMD", "AGND", "", "R", 55.51, 53.15, 0, 180],
		[74, "C36_2", 530.63, -1058, "T", "SMD", "$1N4216", "", "R", 55.51, 53.15, 0, 180],
		[75, "C37_1", 609.37, -1136, "T", "SMD", "AGND", "", "R", 55.51, 53.15, 0, 180],
		[76, "C37_2", 530.63, -1136, "T", "SMD", "$1N4216", "", "R", 55.51, 53.15, 0, 180],
		[77, "CN5_1", 1653.54, -1278.07, "T", "DIP", "I_IN+", "", "C", 157.48, 157.48, 100, 90],
		[78, "CN5_1", 1653.54, -1278.07, "B", "DIP", "I_IN+", "", "C", 157.48, 157.48, 100, 90],
		[79, "CN5_2", 1653.54, -1081.22, "T", "DIP", "AGND", "", "C", 157.48, 157.48, 100, 90],
		[80, "CN5_2", 1653.54, -1081.22, "B", "DIP", "AGND", "", "C", 157.48, 157.48, 100, 90],
		[81, "CN6_1", 118.11, -1278.07, "T", "DIP", "I_OUT+", "", "C", 149.61, 149.61, 100, 90],
		[82, "CN6_1", 118.11, -1278.07, "B", "DIP", "I_OUT+", "", "C", 149.61, 149.61, 100, 90],
		[83, "CN6_2", 118.11, -1081.22, "T", "DIP", "AGND", "", "C", 149.61, 149.61, 100, 90],
		[84, "CN6_2", 118.11, -1081.22, "B", "DIP", "AGND", "", "C", 149.61, 149.61, 100, 90],
		[85, "CN7_1", 118.11, -688.98, "T", "DIP", "VIN", "", "C", 149.61, 149.61, 100, 90],
		[86, "CN7_1", 118.11, -688.98, "B", "DIP", "VIN", "", "C", 149.61, 149.61, 100, 90],
		[87, "CN7_2", 118.11, -492.13, "T", "DIP", "AGND", "", "C", 149.61, 149.61, 100, 90],
		[88, "CN7_2", 118.11, -492.13, "B", "DIP", "AGND", "", "C", 149.61, 149.61, 100, 90],
		[89, "CN8_1", 1653.54, -688.98, "T", "DIP", "I_CAP-", "", "C", 149.61, 149.61, 100, 90],
		[90, "CN8_1", 1653.54, -688.98, "B", "DIP", "I_CAP-", "", "C", 149.61, 149.61, 100, 90],
		[91, "CN8_2", 1653.54, -492.13, "T", "DIP", "AGND", "", "C", 149.61, 149.61, 100, 90],
		[92, "CN8_2", 1653.54, -492.13, "B", "DIP", "AGND", "", "C", 149.61, 149.61, 100, 90],
		[93, "D1_1", 742, -888.17, "B", "SMD", "$1N4190", "", "R", 39.37, 29.53, 0, 90],
		[94, "D1_2", 742, -795.84, "B", "SMD", "$1N4221", "", "R", 39.37, 29.53, 0, 90],
		[95, "D2_1", 1046, -888.17, "B", "SMD", "$1N4242", "", "R", 39.37, 29.53, 0, 90],
		[96, "D2_2", 1046, -795.84, "B", "SMD", "$1N4243", "", "R", 39.37, 29.53, 0, 90],
		[97, "D3_1", 612, -888.17, "B", "SMD", "$1N4193", "", "R", 39.37, 29.53, 0, 90],
		[98, "D3_2", 612, -795.84, "B", "SMD", "$1N4223", "", "R", 39.37, 29.53, 0, 90],
		[99, "D4_1", 916, -888.17, "B", "SMD", "$1N4241", "", "R", 39.37, 29.53, 0, 90],
		[100, "D4_2", 916, -795.84, "B", "SMD", "$1N4244", "", "R", 39.37, 29.53, 0, 90],
		[101, "D5_1", 446.76, -1031.32, "T", "SMD", "$1N4216", "", "R", 36.61, 47.24, 0, 90],
		[102, "D5_2", 446.76, -1157.3, "T", "SMD", "VIN", "", "R", 36.61, 47.24, 0, 90],
		[103, "D6_1", 1500, -1286, "B", "SMD", "I_IN+", "", "R", 80.61, 88.23, 0, 90],
		[104, "D6_2", 1500, -1086, "B", "SMD", "AGND", "", "R", 80.61, 88.23, 0, 90],
		[105, "D7_1", 272, -1080, "B", "SMD", "AGND", "", "R", 80.61, 88.23, 0, 270],
		[106, "D7_2", 272, -1280, "B", "SMD", "I_OUT+", "", "R", 80.61, 88.23, 0, 270],
		[107, "H1_1", 435.83, -1664.17, "T", "DIP", "H1_1", "", "R", 66.93, 66.93, 43.31, 0],
		[108, "H1_1", 435.83, -1664.17, "B", "DIP", "H1_1", "", "R", 66.93, 66.93, 43.31, 0],
		[109, "H1_2", 435.83, -1564.17, "T", "DIP", "BL", "", "C", 66.93, 66.93, 43.31, 0],
		[110, "H1_2", 435.83, -1564.17, "B", "DIP", "BL", "", "C", 66.93, 66.93, 43.31, 0],
		[111, "H1_3", 535.83, -1664.17, "T", "DIP", "H1_3", "", "C", 66.93, 66.93, 43.31, 0],
		[112, "H1_3", 535.83, -1664.17, "B", "DIP", "H1_3", "", "C", 66.93, 66.93, 43.31, 0],
		[113, "H1_4", 535.83, -1564.17, "T", "DIP", "BH", "", "C", 66.93, 66.93, 43.31, 0],
		[114, "H1_4", 535.83, -1564.17, "B", "DIP", "BH", "", "C", 66.93, 66.93, 43.31, 0],
		[115, "H1_5", 635.83, -1664.17, "T", "DIP", "ADC_V_IN", "", "C", 66.93, 66.93, 43.31, 0],
		[116, "H1_5", 635.83, -1664.17, "B", "DIP", "ADC_V_IN", "", "C", 66.93, 66.93, 43.31, 0],
		[117, "H1_6", 635.83, -1564.17, "T", "DIP", "AL", "", "C", 66.93, 66.93, 43.31, 0],
		[118, "H1_6", 635.83, -1564.17, "B", "DIP", "AL", "", "C", 66.93, 66.93, 43.31, 0],
		[119, "H1_7", 735.83, -1664.17, "T", "DIP", "ADC_V_CAP", "", "C", 66.93, 66.93, 43.31, 0],
		[120, "H1_7", 735.83, -1664.17, "B", "DIP", "ADC_V_CAP", "", "C", 66.93, 66.93, 43.31, 0],
		[121, "H1_8", 735.83, -1564.17, "T", "DIP", "AH", "", "C", 66.93, 66.93, 43.31, 0],
		[122, "H1_8", 735.83, -1564.17, "B", "DIP", "AH", "", "C", 66.93, 66.93, 43.31, 0],
		[123, "H1_9", 835.83, -1664.17, "T", "DIP", "AGND", "", "C", 66.93, 66.93, 43.31, 0],
		[124, "H1_9", 835.83, -1664.17, "B", "DIP", "AGND", "", "C", 66.93, 66.93, 43.31, 0],
		[125, "H1_10", 835.83, -1564.17, "T", "DIP", "VIN", "", "C", 66.93, 66.93, 43.31, 0],
		[126, "H1_10", 835.83, -1564.17, "B", "DIP", "VIN", "", "C", 66.93, 66.93, 43.31, 0],
		[127, "H1_11", 935.83, -1664.17, "T", "DIP", "AGND", "", "C", 66.93, 66.93, 43.31, 0],
		[128, "H1_11", 935.83, -1664.17, "B", "DIP", "AGND", "", "C", 66.93, 66.93, 43.31, 0],
		[129, "H1_12", 935.83, -1564.17, "T", "DIP", "VREF_3.3V", "", "C", 66.93, 66.93, 43.31, 0],
		[130, "H1_12", 935.83, -1564.17, "B", "DIP", "VREF_3.3V", "", "C", 66.93, 66.93, 43.31, 0],
		[131, "H1_13", 1035.83, -1664.17, "T", "DIP", "AGND", "", "C", 66.93, 66.93, 43.31, 0],
		[132, "H1_13", 1035.83, -1664.17, "B", "DIP", "AGND", "", "C", 66.93, 66.93, 43.31, 0],
		[133, "H1_14", 1035.83, -1564.17, "T", "DIP", "VCC_3.3V", "", "C", 66.93, 66.93, 43.31, 0],
		[134, "H1_14", 1035.83, -1564.17, "B", "DIP", "VCC_3.3V", "", "C", 66.93, 66.93, 43.31, 0],
		[135, "H1_15", 1135.83, -1664.17, "T", "DIP", "AGND", "", "C", 66.93, 66.93, 43.31, 0],
		[136, "H1_15", 1135.83, -1664.17, "B", "DIP", "AGND", "", "C", 66.93, 66.93, 43.31, 0],
		[137, "H1_16", 1135.83, -1564.17, "T", "DIP", "ADC_I_IN", "", "C", 66.93, 66.93, 43.31, 0],
		[138, "H1_16", 1135.83, -1564.17, "B", "DIP", "ADC_I_IN", "", "C", 66.93, 66.93, 43.31, 0],
		[139, "H1_17", 1235.83, -1664.17, "T", "DIP", "AGND", "", "C", 66.93, 66.93, 43.31, 0],
		[140, "H1_17", 1235.83, -1664.17, "B", "DIP", "AGND", "", "C", 66.93, 66.93, 43.31, 0],
		[141, "H1_18", 1235.83, -1564.17, "T", "DIP", "ADC_I_CHASSIS", "", "C", 66.93, 66.93, 43.31, 0],
		[142, "H1_18", 1235.83, -1564.17, "B", "DIP", "ADC_I_CHASSIS", "", "C", 66.93, 66.93, 43.31, 0],
		[143, "H1_19", 1335.83, -1664.17, "T", "DIP", "AGND", "", "C", 66.93, 66.93, 43.31, 0],
		[144, "H1_19", 1335.83, -1664.17, "B", "DIP", "AGND", "", "C", 66.93, 66.93, 43.31, 0],
		[145, "H1_20", 1335.83, -1564.17, "T", "DIP", "ADC_I_WPT", "", "C", 66.93, 66.93, 43.31, 0],
		[146, "H1_20", 1335.83, -1564.17, "B", "DIP", "ADC_I_WPT", "", "C", 66.93, 66.93, 43.31, 0],
		[147, "L2_1", 679.34, -358, "T", "SMD", "$1N4195", "", "R", 125.2, 519.68, 0, 0],
		[148, "L2_2", 1096.66, -358, "T", "SMD", "$1N4219", "", "R", 125.2, 519.68, 0, 0],
		[149, "L4_1", 690.85, -900, "T", "SMD", "$1N4208", "", "R", 51.18, 107.09, 0, 180],
		[150, "L4_2", 797.15, -900, "T", "SMD", "VCC_12V", "", "R", 51.18, 107.09, 0, 180],
		[151, "Q1_1", 820, -288.15, "B", "SMD", "$1N4195", "", "R", 23.62, 39.37, 0, 180],
		[152, "Q1_2", 770, -288.15, "B", "SMD", "$1N4195", "", "R", 23.62, 39.37, 0, 180],
		[153, "Q1_3", 720, -288.15, "B", "SMD", "$1N4195", "", "R", 23.62, 39.37, 0, 180],
		[154, "Q1_4", 670, -288.15, "B", "SMD", "$1N4221", "", "R", 23.62, 39.37, 0, 180],
		[155, "Q1_5", 670, -57.85, "B", "SMD", "VIN", "", "R", 23.62, 39.37, 0, 180],
		[156, "Q1_6", 720, -57.85, "B", "SMD", "VIN", "", "R", 23.62, 39.37, 0, 180],
		[157, "Q1_7", 770, -57.85, "B", "SMD", "VIN", "", "R", 23.62, 39.37, 0, 180],
		[158, "Q1_8", 820, -57.85, "B", "SMD", "VIN", "", "R", 23.62, 39.37, 0, 180],
		[159, "Q1_9", 745, -148.99, "B", "SMD", "VIN", "", "R", 173.62, 157.48, 0, 180],
		[160, "Q2_1", 825, -588.15, "B", "SMD", "AGND", "", "R", 23.62, 39.37, 0, 180],
		[161, "Q2_2", 775, -588.15, "B", "SMD", "AGND", "", "R", 23.62, 39.37, 0, 180],
		[162, "Q2_3", 725, -588.15, "B", "SMD", "AGND", "", "R", 23.62, 39.37, 0, 180],
		[163, "Q2_4", 675, -588.15, "B", "SMD", "$1N4223", "", "R", 23.62, 39.37, 0, 180],
		[164, "Q2_5", 675, -357.84, "B", "SMD", "$1N4195", "", "R", 23.62, 39.37, 0, 180],
		[165, "Q2_6", 725, -357.84, "B", "SMD", "$1N4195", "", "R", 23.62, 39.37, 0, 180],
		[166, "Q2_7", 775, -357.84, "B", "SMD", "$1N4195", "", "R", 23.62, 39.37, 0, 180],
		[167, "Q2_8", 825, -357.84, "B", "SMD", "$1N4195", "", "R", 23.62, 39.37, 0, 180],
		[168, "Q2_9", 750, -448.99, "B", "SMD", "$1N4195", "", "R", 173.62, 157.48, 0, 180],
		[169, "Q3_1", 1119, -288.15, "B", "SMD", "$1N4219", "", "R", 23.62, 39.37, 0, 180],
		[170, "Q3_2", 1069, -288.15, "B", "SMD", "$1N4219", "", "R", 23.62, 39.37, 0, 180],
		[171, "Q3_3", 1019, -288.15, "B", "SMD", "$1N4219", "", "R", 23.62, 39.37, 0, 180],
		[172, "Q3_4", 969, -288.15, "B", "SMD", "$1N4243", "", "R", 23.62, 39.37, 0, 180],
		[173, "Q3_5", 969, -57.85, "B", "SMD", "VCAP", "", "R", 23.62, 39.37, 0, 180],
		[174, "Q3_6", 1019, -57.85, "B", "SMD", "VCAP", "", "R", 23.62, 39.37, 0, 180],
		[175, "Q3_7", 1069, -57.85, "B", "SMD", "VCAP", "", "R", 23.62, 39.37, 0, 180],
		[176, "Q3_8", 1119, -57.85, "B", "SMD", "VCAP", "", "R", 23.62, 39.37, 0, 180],
		[177, "Q3_9", 1044, -148.99, "B", "SMD", "VCAP", "", "R", 173.62, 157.48, 0, 180],
		[178, "Q4_1", 1119, -588.15, "B", "SMD", "AGND", "", "R", 23.62, 39.37, 0, 180],
		[179, "Q4_2", 1069, -588.15, "B", "SMD", "AGND", "", "R", 23.62, 39.37, 0, 180],
		[180, "Q4_3", 1019, -588.15, "B", "SMD", "AGND", "", "R", 23.62, 39.37, 0, 180],
		[181, "Q4_4", 969, -588.15, "B", "SMD", "$1N4244", "", "R", 23.62, 39.37, 0, 180],
		[182, "Q4_5", 969, -357.84, "B", "SMD", "$1N4219", "", "R", 23.62, 39.37, 0, 180],
		[183, "Q4_6", 1019, -357.84, "B", "SMD", "$1N4219", "", "R", 23.62, 39.37, 0, 180],
		[184, "Q4_7", 1069, -357.84, "B", "SMD", "$1N4219", "", "R", 23.62, 39.37, 0, 180],
		[185, "Q4_8", 1119, -357.84, "B", "SMD", "$1N4219", "", "R", 23.62, 39.37, 0, 180],
		[186, "Q4_9", 1044, -448.99, "B", "SMD", "$1N4219", "", "R", 173.62, 157.48, 0, 180],
		[187, "R1_1", 1270.34, -784, "T", "SMD", "$1N5556", "", "R", 31.75, 34.02, 0, 0],
		[188, "R1_2", 1329.66, -784, "T", "SMD", "ADC_I_WPT", "", "R", 31.75, 34.02, 0, 0],
		[189, "R2_1", 806, -873.66, "B", "SMD", "$1N4190", "", "R", 31.75, 34.02, 0, 90],
		[190, "R2_2", 806, -814.34, "B", "SMD", "$1N4221", "", "R", 31.75, 34.02, 0, 90],
		[191, "R3_1", 1110, -814.34, "B", "SMD", "$1N4243", "", "R", 31.75, 34.02, 0, 270],
		[192, "R3_2", 1110, -873.66, "B", "SMD", "$1N4242", "", "R", 31.75, 34.02, 0, 270],
		[193, "R4_1", 604, -347.66, "B", "SMD", "$1N4195", "", "R", 31.75, 34.02, 0, 90],
		[194, "R4_2", 604, -288.34, "B", "SMD", "$1N4221", "", "R", 31.75, 34.02, 0, 90],
		[195, "R5_1", 904, -347.66, "B", "SMD", "$1N4219", "", "R", 31.75, 34.02, 0, 90],
		[196, "R5_2", 904, -288.34, "B", "SMD", "$1N4243", "", "R", 31.75, 34.02, 0, 90],
		[197, "R6_1", 1270.34, -1004, "T", "SMD", "$1N5543", "", "R", 31.75, 34.02, 0, 0],
		[198, "R6_2", 1329.66, -1004, "T", "SMD", "ADC_I_CHASSIS", "", "R", 31.75, 34.02, 0, 0],
		[199, "R7_1", 676, -873.66, "B", "SMD", "$1N4193", "", "R", 31.75, 34.02, 0, 90],
		[200, "R7_2", 676, -814.34, "B", "SMD", "$1N4223", "", "R", 31.75, 34.02, 0, 90],
		[201, "R8_1", 982, -814.34, "B", "SMD", "$1N4244", "", "R", 31.75, 34.02, 0, 270],
		[202, "R8_2", 982, -873.66, "B", "SMD", "$1N4241", "", "R", 31.75, 34.02, 0, 270],
		[203, "R9_1", 904, -647.66, "B", "SMD", "AGND", "", "R", 31.75, 34.02, 0, 90],
		[204, "R9_2", 904, -588.34, "B", "SMD", "$1N4244", "", "R", 31.75, 34.02, 0, 90],
		[205, "R10_1", 1270.34, -1224, "T", "SMD", "$1N5986", "", "R", 31.75, 34.02, 0, 0],
		[206, "R10_2", 1329.66, -1224, "T", "SMD", "ADC_I_IN", "", "R", 31.75, 34.02, 0, 0],
		[207, "R11_1", 610, -647.66, "B", "SMD", "AGND", "", "R", 31.75, 34.02, 0, 90],
		[208, "R11_2", 610, -588.34, "B", "SMD", "$1N4223", "", "R", 31.75, 34.02, 0, 90],
		[209, "R13_1", 491.66, -1379.06, "T", "SMD", "$1N49081", "", "R", 31.75, 34.02, 0, 180],
		[210, "R13_2", 432.34, -1379.06, "T", "SMD", "VIN", "", "R", 31.75, 34.02, 0, 180],
		[211, "R14_1", 718.34, -1379.06, "T", "SMD", "$1N49052", "", "R", 31.75, 34.02, 0, 0],
		[212, "R14_2", 777.66, -1379.06, "T", "SMD", "VCAP", "", "R", 31.75, 34.02, 0, 0],
		[213, "R15_1", 486.92, -863.86, "T", "SMD", "$1N4214", "", "R", 31.75, 34.02, 0, 270],
		[214, "R15_2", 486.92, -923.18, "T", "SMD", "VCC_12V", "", "R", 31.75, 34.02, 0, 270],
		[215, "R17_1", 432.34, -1439.06, "T", "SMD", "AGND", "", "R", 31.75, 34.02, 0, 0],
		[216, "R17_2", 491.66, -1439.06, "T", "SMD", "$1N49081", "", "R", 31.75, 34.02, 0, 0],
		[217, "R18_1", 432.34, -1319.06, "T", "SMD", "ADC_V_IN", "", "R", 31.75, 34.02, 0, 0],
		[218, "R18_2", 491.66, -1319.06, "T", "SMD", "$1N49056", "", "R", 31.75, 34.02, 0, 0],
		[219, "R19_1", 777.66, -1319.06, "T", "SMD", "ADC_V_CAP", "", "R", 31.75, 34.02, 0, 180],
		[220, "R19_2", 718.34, -1319.06, "T", "SMD", "$1N49036", "", "R", 31.75, 34.02, 0, 180],
		[221, "R20_1", 777.66, -1439.06, "T", "SMD", "AGND", "", "R", 31.75, 34.02, 0, 180],
		[222, "R20_2", 718.34, -1439.06, "T", "SMD", "$1N49052", "", "R", 31.75, 34.02, 0, 180],
		[223, "R22_1", 476.42, -793.12, "T", "SMD", "AGND", "", "R", 31.75, 34.02, 0, 180],
		[224, "R22_2", 417.1, -793.12, "T", "SMD", "$1N4214", "", "R", 31.75, 34.02, 0, 180],
		[225, "R23_1", 1271.44, -843.32, "B", "SMD", "VCAP", "", "R", 98.42, 133.86, 0, 0],
		[226, "R23_2", 1515.53, -843.32, "B", "SMD", "I_CAP-", "", "R", 98.42, 133.86, 0, 0],
		[227, "R24_1", 267.95, -1412, "B", "SMD", "I_OUT+", "", "R", 98.42, 133.86, 0, 0],
		[228, "R24_2", 512.04, -1412, "B", "SMD", "VIN", "", "R", 98.42, 133.86, 0, 0],
		[229, "R25_1", 1263.41, -1410.55, "B", "SMD", "VIN", "", "R", 98.42, 133.86, 0, 0],
		[230, "R25_2", 1507.5, -1410.55, "B", "SMD", "I_IN+", "", "R", 98.42, 133.86, 0, 0],
		[231, "U1_1", 968.76, -783.61, "T", "SMD", "U1_1", "", "O", 13.9, 57.24, 0, 270],
		[232, "U1_2", 968.76, -809.21, "T", "SMD", "VCAP", "", "O", 13.9, 57.24, 0, 270],
		[233, "U1_3", 968.76, -834.8, "T", "SMD", "I_CAP-", "", "O", 13.9, 57.24, 0, 270],
		[234, "U1_4", 968.76, -860.39, "T", "SMD", "AGND", "", "O", 13.9, 57.24, 0, 270],
		[235, "U1_5", 1199.24, -860.39, "T", "SMD", "VCC_3.3V", "", "O", 13.9, 57.24, 0, 270],
		[236, "U1_6", 1199.24, -834.8, "T", "SMD", "VREF_3.3V", "", "O", 13.9, 57.24, 0, 270],
		[237, "U1_7", 1199.24, -809.21, "T", "SMD", "AGND", "", "O", 13.9, 57.24, 0, 270],
		[238, "U1_8", 1199.24, -783.61, "T", "SMD", "$1N5556", "", "O", 13.9, 57.24, 0, 270],
		[239, "U6_1", 966.76, -1003.61, "T", "SMD", "U6_1", "", "O", 13.9, 57.24, 0, 270],
		[240, "U6_2", 966.76, -1029.21, "T", "SMD", "I_OUT+", "", "O", 13.9, 57.24, 0, 270],
		[241, "U6_3", 966.76, -1054.8, "T", "SMD", "VIN", "", "O", 13.9, 57.24, 0, 270],
		[242, "U6_4", 966.76, -1080.39, "T", "SMD", "AGND", "", "O", 13.9, 57.24, 0, 270],
		[243, "U6_5", 1197.24, -1080.39, "T", "SMD", "VCC_3.3V", "", "O", 13.9, 57.24, 0, 270],
		[244, "U6_6", 1197.24, -1054.8, "T", "SMD", "VREF_3.3V", "", "O", 13.9, 57.24, 0, 270],
		[245, "U6_7", 1197.24, -1029.21, "T", "SMD", "AGND", "", "O", 13.9, 57.24, 0, 270],
		[246, "U6_8", 1197.24, -1003.61, "T", "SMD", "$1N5543", "", "O", 13.9, 57.24, 0, 270],
		[247, "U7_1", 678.76, -996.9, "B", "SMD", "VCC_12V", "", "R", 26.18, 16.81, 0, 270],
		[248, "U7_2", 710.25, -996.9, "B", "SMD", "$1N4194", "", "R", 26.18, 16.81, 0, 270],
		[249, "U7_3", 741.75, -996.9, "B", "SMD", "$1N4190", "", "R", 26.18, 16.81, 0, 270],
		[250, "U7_4", 773.24, -996.9, "B", "SMD", "$1N4195", "", "R", 26.18, 16.81, 0, 270],
		[251, "U7_5", 773.24, -1147.1, "B", "SMD", "AH", "", "R", 26.18, 16.81, 0, 270],
		[252, "U7_6", 741.75, -1147.1, "B", "SMD", "AL", "", "R", 26.18, 16.81, 0, 270],
		[253, "U7_7", 710.25, -1147.1, "B", "SMD", "AGND", "", "R", 26.18, 16.81, 0, 270],
		[254, "U7_8", 678.76, -1147.1, "B", "SMD", "$1N4193", "", "R", 26.18, 16.81, 0, 270],
		[255, "U7_9", 726, -1072, "B", "SMD", "AGND", "", "R", 96.46, 133.07, 0, 270],
		[256, "U8_1", 982.76, -996.9, "B", "SMD", "VCC_12V", "", "R", 26.18, 16.81, 0, 270],
		[257, "U8_2", 1014.25, -996.9, "B", "SMD", "$1N4246", "", "R", 26.18, 16.81, 0, 270],
		[258, "U8_3", 1045.75, -996.9, "B", "SMD", "$1N4242", "", "R", 26.18, 16.81, 0, 270],
		[259, "U8_4", 1077.24, -996.9, "B", "SMD", "$1N4219", "", "R", 26.18, 16.81, 0, 270],
		[260, "U8_5", 1077.24, -1147.1, "B", "SMD", "BH", "", "R", 26.18, 16.81, 0, 270],
		[261, "U8_6", 1045.75, -1147.1, "B", "SMD", "BL", "", "R", 26.18, 16.81, 0, 270],
		[262, "U8_7", 1014.25, -1147.1, "B", "SMD", "AGND", "", "R", 26.18, 16.81, 0, 270],
		[263, "U8_8", 982.76, -1147.1, "B", "SMD", "$1N4241", "", "R", 26.18, 16.81, 0, 270],
		[264, "U8_9", 1030, -1072, "B", "SMD", "AGND", "", "R", 96.46, 133.07, 0, 270],
		[265, "U10_1", 966.76, -1223.61, "T", "SMD", "U10_1", "", "O", 13.9, 57.24, 0, 270],
		[266, "U10_2", 966.76, -1249.21, "T", "SMD", "I_IN+", "", "O", 13.9, 57.24, 0, 270],
		[267, "U10_3", 966.76, -1274.8, "T", "SMD", "VIN", "", "O", 13.9, 57.24, 0, 270],
		[268, "U10_4", 966.76, -1300.39, "T", "SMD", "AGND", "", "O", 13.9, 57.24, 0, 270],
		[269, "U10_5", 1197.24, -1300.39, "T", "SMD", "VCC_3.3V", "", "O", 13.9, 57.24, 0, 270],
		[270, "U10_6", 1197.24, -1274.8, "T", "SMD", "VREF_3.3V", "", "O", 13.9, 57.24, 0, 270],
		[271, "U10_7", 1197.24, -1249.21, "T", "SMD", "AGND", "", "O", 13.9, 57.24, 0, 270],
		[272, "U10_8", 1197.24, -1223.61, "T", "SMD", "$1N5986", "", "O", 13.9, 57.24, 0, 270],
		[273, "U12_1", 547, -1324.67, "T", "SMD", "$1N49056", "", "O", 14.33, 33.35, 0, 270],
		[274, "U12_2", 547, -1350.27, "T", "SMD", "$1N49056", "", "O", 14.33, 33.35, 0, 270],
		[275, "U12_3", 547, -1375.86, "T", "SMD", "$1N49081", "", "O", 14.33, 33.35, 0, 270],
		[276, "U12_4", 547, -1401.45, "T", "SMD", "AGND", "", "O", 14.33, 33.35, 0, 270],
		[277, "U12_5", 665, -1401.45, "T", "SMD", "$1N49052", "", "O", 14.33, 33.35, 0, 270],
		[278, "U12_6", 665, -1375.86, "T", "SMD", "$1N49036", "", "O", 14.33, 33.35, 0, 270],
		[279, "U12_7", 665, -1350.27, "T", "SMD", "$1N49036", "", "O", 14.33, 33.35, 0, 270],
		[280, "U12_8", 665, -1324.67, "T", "SMD", "VREF_3.3V", "", "O", 14.33, 33.35, 0, 270],
		[281, "U12_9", 606, -1363.06, "T", "SMD", "AGND", "", "R", 64.96, 94.49, 0, 0],
		[282, "U13_1", 629.73, -853.3, "T", "SMD", "$1N71826", "", "R", 20.95, 42.2, 0, 180],
		[283, "U13_2", 592.33, -853.3, "T", "SMD", "AGND", "", "R", 20.95, 42.2, 0, 180],
		[284, "U13_3", 554.93, -853.3, "T", "SMD", "$1N4214", "", "R", 20.95, 42.2, 0, 180],
		[285, "U13_4", 554.93, -943.78, "T", "SMD", "$1N4216", "", "R", 20.95, 42.2, 0, 180],
		[286, "U13_5", 592.33, -943.78, "T", "SMD", "$1N4216", "", "R", 20.95, 42.2, 0, 180],
		[287, "U13_6", 629.73, -943.78, "T", "SMD", "$1N4208", "", "R", 20.95, 42.2, 0, 180]
	]
}
}