{
"lengthUnit": "mil",
"components": {
	"fields": ["COMPONENT_NO", "COMPONENT_NAME", "LAYER", "X_COORDINATE", "Y_COORDINATE", "ANGLE"],
	"rows": [
		[1, "BUZZER1", "B", 1372, -554, 90],
		[2, "C2", "B", 574, -318, 270],
		[3, "C3", "B", 640, -318, 270],
		[4, "C8", "B", 1424, -1062, 0],
		[5, "C9", "B", 1424, -1438, 0],
		[6, "C10", "B", 1454, -950, 90],
		[7, "C11", "B", 518.04, -684.69, 270],
		[8, "C12", "B", 1110, -778, 270],
		[9, "C13", "B", 1452, -780, 270],
		[10, "C14", "B", 1380, -780, 270],
		[11, "C15", "B", 888, -310, 90],
		[12, "C16", "B", 706, -318, 270],
		[13, "C17", "B", 1016, -310, 270],
		[14, "C18", "B", 1158.56, -610.4, 90],
		[15, "C19", "B", 393.55, -501.98, 180],
		[16, "C20", "B", 293.15, -385.52, 270],
		[17, "C23", "B", 1314, -1196, 270],
		[18, "C25", "B", 1077.52, -1086.82, 90],
		[19, "C26", "B", 989.52, -1086.82, 90],
		[20, "C34", "B", 1218, -1368, 0],
		[21, "C36", "B", 992, -1250, 270],
		[22, "C37", "B", 1078, -1250, 270],
		[23, "C38", "B", 1232, -950, 90],
		[24, "C39", "B", 1424, -1134, 0],
		[25, "C40", "B", 1424, -1366, 0],
		[26, "CN1", "B", 885.83, -1614.17, 0],
		[27, "CN2", "B", 696, -128, 180],
		[28, "CN3", "B", 1099, -136, 0],
		[29, "CN4", "B", 394, -132, 0],
		[30, "D2", "B", 1230, -622, 90],
		[31, "D5", "B", 1042, -1418, 180],
		[32, "L2", "B", 1216, -746, 180],
		[33, "L3", "B", 1216, -808, 180],
		[34, "L5", "B", 1207.52, -1106.82, 270],
		[35, "L6", "B", 872, -1270, 90],
		[36, "Q1", "B", 1196, -480, 90],
		[37, "R1", "B", 512, -316, 270],
		[38, "R2", "B", 766, -1340, 0],
		[39, "R3", "B", 646, -1340, 0],
		[40, "R4", "B", 524, -1340, 180],
		[41, "R5", "B", 402, -1340, 180],
		[42, "R6", "B", 1312, -778, 270],
		[43, "R7", "B", 432, -1250, 90],
		[44, "R8", "B", 552, -1248, 90],
		[45, "R9", "B", 618, -1248, 90],
		[46, "R10", "B", 738, -1246, 90],
		[47, "R11", "B", 952, -310, 90],
		[48, "R12", "B", 1296, -258, 0],
		[49, "R13", "B", 1296, -386, 0],
		[50, "R14", "B", 1296, -322, 0],
		[51, "R15", "B", 392, -268, 0],
		[52, "R22", "B", 1312, -1408, 270],
		[53, "R23", "B", 1216, -1438, 180],
		[54, "RGB1", "B", 1420, -326, 0],
		[55, "SW1", "B", 1406, -118, 90],
		[56, "U2", "B", 886, -590, 0],
		[57, "U4", "B", 1344, -942, 270],
		[58, "U6", "B", 394, -380, 180],
		[59, "U13", "B", 1199.52, -1262.82, 180],
		[60, "U14", "B", 1428, -1248, 0],
		[61, "Y1", "B", 792, -318, 270]
	]
},
"pins": {
	"fields": ["PIN_NO", "PIN_NAME", "PIN_X", "PIN_Y", "LAYER", "PIN_TYPE", "NET_NAME", "NET_TYPE", "PAD_SHAPE", "PAD_SIZEX", "PAD_SIZEY", "HOLE_SIZE", "PAD_ANGLE"],
	"rows": [
		[1, "BUZZER1_1", 1303.11, -644.55, "B", "SMD", "VCC_3.3V", "", "R", 66.93, 27.56, 0, 90],
		[2, "BUZZER1_2", 1303.11, -463.45, "B", "SMD", "$1N15589", "", "R", 66.93, 27.56, 0, 90],
		[3, "BUZZER1_3", 1440.89, -644.55, "B", "SMD", "BUZZER1_3", "", "R", 66.93, 27.56, 0, 90],
		[4, "C2_1", 574, -290.44, "B", "SMD", "GND", "GND", "R", 31.5, 35.43, 0, 270],
		[5, "C2_2", 574, -345.56, "B", "SMD", "VCC_3.3V", "", "R", 31.5, 35.43, 0, 270],
		[6, "C3_1", 640, -290.44, "B", "SMD", "GND", "GND", "R", 31.5, 35.43, 0, 270],
		[7, "C3_2", 640, -345.56, "B", "SMD", "VCC_3.3V", "", "R", 31.5, 35.43, 0, 270],
		[8, "C8_1", 1396.44, -1062, "B", "SMD", "VCC_5V", "", "R", 31.5, 35.43, 0, 0],
		[9, "C8_2", 1451.56, -1062, "B", "SMD", "AGND", "", "R", 31.5, 35.43, 0, 0],
		[10, "C9_1", 1396.44, -1438, "B", "SMD", "VCC_3.3V", "", "R", 31.5, 35.43, 0, 0],
		[11, "C9_2", 1451.56, -1438, "B", "SMD", "AGND", "", "R", 31.5, 35.43, 0, 0],
		[12, "C10_1", 1454, -977.56, "B", "SMD", "VCC_5V", "", "R", 31.5, 35.43, 0, 90],
		[13, "C10_2", 1454, -922.44, "B", "SMD", "AGND", "", "R", 31.5, 35.43, 0, 90],
		[14, "C11_1", 518.04, -657.13, "B", "SMD", "GND", "GND", "R", 31.5, 35.43, 0, 270],
		[15, "C11_2", 518.04, -712.25, "B", "SMD", "VCC_3.3V", "", "R", 31.5, 35.43, 0, 270],
		[16, "C12_1", 1110, -750.44, "B", "SMD", "VCC_3.3V", "", "R", 31.5, 35.43, 0, 270],
		[17, "C12_2", 1110, -805.56, "B", "SMD", "GND", "GND", "R", 31.5, 35.43, 0, 270],
		[18, "C13_1", 1452, -752.44, "B", "SMD", "AGND", "", "R", 31.5, 35.43, 0, 270],
		[19, "C13_2", 1452, -807.56, "B", "SMD", "VCC_3.3V", "", "R", 31.5, 35.43, 0, 270],
		[20, "C14_1", 1380, -752.44, "B", "SMD", "AGND", "", "R", 31.5, 35.43, 0, 270],
		[21, "C14_2", 1380, -807.56, "B", "SMD", "VCC_3.3V", "", "R", 31.5, 35.43, 0, 270],
		[22, "C15_1", 888, -337.56, "B", "SMD", "GND", "GND", "R", 31.5, 35.43, 0, 90],
		[23, "C15_2", 888, -282.44, "B", "SMD", "OSC_OUT", "", "R", 31.5, 35.43, 0, 90],
		[24, "C16_1", 706, -290.44, "B", "SMD", "GND", "GND", "R", 31.5, 35.43, 0, 270],
		[25, "C16_2", 706, -345.56, "B", "SMD", "OSC_IN", "", "R", 31.5, 35.43, 0, 270],
		[26, "C17_1", 1016, -282.44, "B", "SMD", "GND", "GND", "R", 31.5, 35.43, 0, 270],
		[27, "C17_2", 1016, -337.56, "B", "SMD", "NRST", "", "R", 31.5, 35.43, 0, 270],
		[28, "C18_1", 1158.56, -637.96, "B", "SMD", "VCC_3.3V", "", "R", 31.5, 35.43, 0, 90],
		[29, "C18_2", 1158.56, -582.84, "B", "SMD", "$1N15589", "", "R", 31.5, 35.43, 0, 90],
		[30, "C19_1", 421.11, -501.98, "B", "SMD", "GND", "GND", "R", 31.5, 35.43, 0, 180],
		[31, "C19_2", 365.99, -501.98, "B", "SMD", "VCC_5V", "", "R", 31.5, 35.43, 0, 180],
		[32, "C20_1", 293.15, -357.96, "B", "SMD", "VCC_3.3V", "", "R", 31.5, 35.43, 0, 270],
		[33, "C20_2", 293.15, -413.08, "B", "SMD", "GND", "GND", "R", 31.5, 35.43, 0, 270],
		[34, "C23_1", 1314, -1168.44, "B", "SMD", "$1N72438", "", "R", 31.5, 35.43, 0, 270],
		[35, "C23_2", 1314, -1223.56, "B", "SMD", "$1N72434", "", "R", 31.5, 35.43, 0, 270],
		[36, "C25_1", 1077.52, -1126.19, "B", "SMD", "AGND", "", "R", 55.51, 53.15, 0, 90],
		[37, "C25_2", 1077.52, -1047.45, "B", "SMD", "VCC_5V", "", "R", 55.51, 53.15, 0, 90],
		[38, "C26_1", 989.52, -1126.19, "B", "SMD", "AGND", "", "R", 55.51, 53.15, 0, 90],
		[39, "C26_2", 989.52, -1047.45, "B", "SMD", "VCC_5V", "", "R", 55.51, 53.15, 0, 90],
		[40, "C34_1", 1190.44, -1368, "B", "SMD", "VCC_5V", "", "R", 31.5, 35.43, 0, 0],
		[41, "C34_2", 1245.56, -1368, "B", "SMD", "$1N72436", "", "R", 31.5, 35.43, 0, 0],
		[42, "C36_1", 992, -1210.63, "B", "SMD", "AGND", "", "R", 55.51, 53.15, 0, 270],
		[43, "C36_2", 992, -1289.37, "B", "SMD", "$1N72437", "", "R", 55.51, 53.15, 0, 270],
		[44, "C37_1", 1078, -1210.63, "B", "SMD", "AGND", "", "R", 55.51, 53.15, 0, 270],
		[45, "C37_2", 1078, -1289.37, "B", "SMD", "$1N72437", "", "R", 55.51, 53.15, 0, 270],
		[46, "C38_1", 1232, -977.56, "B", "SMD", "VREF_3.3V", "", "R", 31.5, 35.43, 0, 90],
		[47, "C38_2", 1232, -922.44, "B", "SMD", "AGND", "", "R", 31.5, 35.43, 0, 90],
		[48, "C39_1", 1396.44, -1134, "B", "SMD", "VCC_5V", "", "R", 31.5, 35.43, 0, 0],
		[49, "C39_2", 1451.56, -1134, "B", "SMD", "AGND", "", "R", 31.5, 35.43, 0, 0],
		[50, "C40_1", 1396.44, -1366, "B", "SMD", "VCC_3.3V", "", "R", 31.5, 35.43, 0, 0],
		[51, "C40_2", 1451.56, -1366, "B", "SMD", "AGND", "", "R", 31.5, 35.43, 0, 0],
		[52, "CN1_1", 435.83, -1564.17, "T", "DIP", "BL", "", "R", 70.87, 70.87, 43.31, 0],
		[53, "CN1_1", 435.83, -1564.17, "B", "DIP", "BL", "", "R", 70.87, 70.87, 43.31, 0],
		[54, "CN1_2", 435.83, -1664.17, "T", "DIP", "POWER_CTRL", "", "C", 70.87, 70.87, 43.31, 0],
		[55, "CN1_2", 435.83, -1664.17, "B", "DIP", "POWER_CTRL", "", "C", 70.87, 70.87, 43.31, 0],
		[56, "CN1_3", 535.83, -1564.17, "T", "DIP", "BH", "", "C", 70.87, 70.87, 43.31, 0],
		[57, "CN1_3", 535.83, -1564.17, "B", "DIP", "BH", "", "C", 70.87, 70.87, 43.31, 0],
		[58, "CN1_4", 535.83, -1664.17, "T", "DIP", "ADC_V_WPT", "", "C", 70.87, 70.87, 43.31, 0],
		[59, "CN1_4", 535.83, -1664.17, "B", "DIP", "ADC_V_WPT", "", "C", 70.87, 70.87, 43.31, 0],
		[60, "CN1_5", 635.83, -1564.17, "T", "DIP", "AL", "", "C", 70.87, 70.87, 43.31, 0],
		[61, "CN1_5", 635.83, -1564.17, "B", "DIP", "AL", "", "C", 70.87, 70.87, 43.31, 0],
		[62, "CN1_6", 635.83, -1664.17, "T", "DIP", "ADC_V_IN", "", "C", 70.87, 70.87, 43.31, 0],
		[63, "CN1_6", 635.83, -1664.17, "B", "DIP", "ADC_V_IN", "", "C", 70.87, 70.87, 43.31, 0],
		[64, "CN1_7", 735.83, -1564.17, "T", "DIP", "AH", "", "C", 70.87, 70.87, 43.31, 0],
		[65, "CN1_7", 735.83, -1564.17, "B", "DIP", "AH", "", "C", 70.87, 70.87, 43.31, 0],
		[66, "CN1_8", 735.83, -1664.17, "T", "DIP", "ADC_V_CAP", "", "C", 70.87, 70.87, 43.31, 0],
		[67, "CN1_8", 735.83, -1664.17, "B", "DIP", "ADC_V_CAP", "", "C", 70.87, 70.87, 43.31, 0],
		[68, "CN1_9", 835.83, -1564.17, "T", "DIP", "VIN", "", "C", 70.87, 70.87, 43.31, 0],
		[69, "CN1_9", 835.83, -1564.17, "B", "DIP", "VIN", "", "C", 70.87, 70.87, 43.31, 0],
		[70, "CN1_10", 835.83, -1664.17, "T", "DIP", "AGND", "", "C", 70.87, 70.87, 43.31, 0],
		[71, "CN1_10", 835.83, -1664.17, "B", "DIP", "AGND", "", "C", 70.87, 70.87, 43.31, 0],
		[72, "CN1_11", 935.83, -1564.17, "T", "DIP", "VREF_3.3V", "", "C", 70.87, 70.87, 43.31, 0],
		[73, "CN1_11", 935.83, -1564.17, "B", "DIP", "VREF_3.3V", "", "C", 70.87, 70.87, 43.31, 0],
		[74, "CN1_12", 935.83, -1664.17, "T", "DIP", "AGND", "", "C", 70.87, 70.87, 43.31, 0],
		[75, "CN1_12", 935.83, -1664.17, "B", "DIP", "AGND", "", "C", 70.87, 70.87, 43.31, 0],
		[76, "CN1_13", 1035.83, -1564.17, "T", "DIP", "VCC_3.3V", "", "C", 70.87, 70.87, 43.31, 0],
		[77, "CN1_13", 1035.83, -1564.17, "B", "DIP", "VCC_3.3V", "", "C", 70.87, 70.87, 43.31, 0],
		[78, "CN1_14", 1035.83, -1664.17, "T", "DIP", "AGND", "", "C", 70.87, 70.87, 43.31, 0],
		[79, "CN1_14", 1035.83, -1664.17, "B", "DIP", "AGND", "", "C", 70.87, 70.87, 43.31, 0],
		[80, "CN1_15", 1135.83, -1564.17, "T", "DIP", "ADC_I_IN", "", "C", 70.87, 70.87, 43.31, 0],
		[81, "CN1_15", 1135.83, -1564.17, "B", "DIP", "ADC_I_IN", "", "C", 70.87, 70.87, 43.31, 0],
		[82, "CN1_16", 1135.83, -1664.17, "T", "DIP", "AGND", "", "C", 70.87, 70.87, 43.31, 0],
		[83, "CN1_16", 1135.83, -1664.17, "B", "DIP", "AGND", "", "C", 70.87, 70.87, 43.31, 0],
		[84, "CN1_17", 1235.83, -1564.17, "T", "DIP", "ADC_I_CHASSIS", "", "C", 70.87, 70.87, 43.31, 0],
		[85, "CN1_17", 1235.83, -1564.17, "B", "DIP", "ADC_I_CHASSIS", "", "C", 70.87, 70.87, 43.31, 0],
		[86, "CN1_18", 1235.83, -1664.17, "T", "DIP", "AGND", "", "C", 70.87, 70.87, 43.31, 0],
		[87, "CN1_18", 1235.83, -1664.17, "B", "DIP", "AGND", "", "C", 70.87, 70.87, 43.31, 0],
		[88, "CN1_19", 1335.83, -1564.17, "T", "DIP", "ADC_I_WPT", "", "C", 70.87, 70.87, 43.31, 0],
		[89, "CN1_19", 1335.83, -1564.17, "B", "DIP", "ADC_I_WPT", "", "C", 70.87, 70.87, 43.31, 0],
		[90, "CN1_20", 1335.83, -1664.17, "T", "DIP", "AGND", "", "C", 70.87, 70.87, 43.31, 0],
		[91, "CN1_20", 1335.83, -1664.17, "B", "DIP", "AGND", "", "C", 70.87, 70.87, 43.31, 0],
		[92, "CN2_1", 769.82, -191.02, "B", "SMD", "VCC_5V", "", "R", 23.62, 66.93, 0, 180],
		[93, "CN2_2", 720.62, -191.02, "B", "SMD", "GND", "GND", "R", 23.62, 66.93, 0, 180],
		[94, "CN2_3", 671.39, -191.02, "B", "SMD", "USART1_RX", "", "R", 23.62, 66.93, 0, 180],
		[95, "CN2_4", 622.18, -191.02, "B", "SMD", "USART1_TX", "", "R", 23.62, 66.93, 0, 180],
		[96, "CN2_5", 842.65, -64.98, "B", "SMD", "GND", "GND", "R", 39.37, 106.3, 0, 180],
		[97, "CN2_6", 549.34, -64.98, "B", "SMD", "GND", "GND", "R", 39.37, 106.3, 0, 180],
		[98, "CN3_1", 1025.18, -194.07, "B", "SMD", "SWDIO", "", "R", 19.68, 66.93, 0, 180],
		[99, "CN3_2", 1074.39, -194.07, "B", "SMD", "SWCLK", "", "R", 19.68, 66.93, 0, 180],
		[100, "CN3_3", 1123.61, -194.07, "B", "SMD", "GND", "GND", "R", 19.68, 66.93, 0, 180],
		[101, "CN3_4", 1172.82, -194.07, "B", "SMD", "VCC_3.3V", "", "R", 19.68, 66.93, 0, 180],
		[102, "CN3_5", 928.73, -77.93, "B", "SMD", "GND", "GND", "R", 78.74, 118.11, 0, 180],
		[103, "CN3_6", 1269.28, -77.93, "B", "SMD", "GND", "GND", "R", 78.74, 118.11, 0, 180],
		[104, "CN4_1", 369.39, -194.01, "B", "SMD", "CAN1_L", "", "R", 23.62, 66.93, 0, 0],
		[105, "CN4_2", 418.6, -194.01, "B", "SMD", "CAN1_H", "", "R", 23.62, 66.93, 0, 0],
		[106, "CN4_3", 491.44, -69.99, "B", "SMD", "GND", "GND", "R", 39.37, 110.24, 0, 0],
		[107, "CN4_4", 296.56, -69.99, "B", "SMD", "GND", "GND", "R", 39.37, 110.24, 0, 0],
		[108, "D2_1", 1230, -668.16, "B", "SMD", "VCC_3.3V", "", "R", 39.37, 29.53, 0, 90],
		[109, "D2_2", 1230, -575.84, "B", "SMD", "$1N15589", "", "R", 39.37, 29.53, 0, 90],
		[110, "D5_1", 1104.99, -1418, "B", "SMD", "$1N72437", "", "R", 36.61, 47.24, 0, 0],
		[111, "D5_2", 979.01, -1418, "B", "SMD", "VIN", "", "R", 36.61, 47.24, 0, 0],
		[112, "L2_1", 1243.55, -746, "B", "SMD", "VREF_3.3V", "", "R", 31.5, 34.02, 0, 0],
		[113, "L2_2", 1188.44, -746, "B", "SMD", "$1N22518", "", "R", 31.5, 34.02, 0, 0],
		[114, "L3_1", 1243.55, -808, "B", "SMD", "VCC_3.3V", "", "R", 31.5, 34.02, 0, 0],
		[115, "L3_2", 1188.44, -808, "B", "SMD", "$1N22567", "", "R", 31.5, 34.02, 0, 0],
		[116, "L5_1", 1207.52, -1159.97, "B", "SMD", "$1N72438", "", "R", 51.18, 107.09, 0, 270],
		[117, "L5_2", 1207.52, -1053.67, "B", "SMD", "VCC_5V", "", "R", 51.18, 107.09, 0, 270],
		[118, "L6_1", 872, -1332.7, "B", "SMD", "GND", "GND", "R", 58.47, 68.03, 0, 90],
		[119, "L6_2", 872, -1207.3, "B", "SMD", "AGND", "", "R", 58.47, 68.03, 0, 90],
		[120, "Q1_1", 1158.6, -440.63, "B", "SMD", "BUZZ", "", "R", 49.21, 27.56, 0, 90],
		[121, "Q1_2", 1233.4, -440.63, "B", "SMD", "GND", "GND", "R", 49.21, 27.56, 0, 90],
		[122, "Q1_3", 1196, -519.37, "B", "SMD", "$1N15589", "", "R", 49.21, 27.56, 0, 90],
		[123, "R1_1", 512, -286.34, "B", "SMD", "GND", "GND", "R", 31.75, 34.02, 0, 270],
		[124, "R1_2", 512, -345.66, "B", "SMD", "$1N22801", "", "R", 31.75, 34.02, 0, 270],
		[125, "R2_1", 736.34, -1340, "B", "SMD", "AH", "", "R", 31.75, 34.02, 0, 0],
		[126, "R2_2", 795.66, -1340, "B", "SMD", "GND", "GND", "R", 31.75, 34.02, 0, 0],
		[127, "R3_1", 616.34, -1340, "B", "SMD", "AL", "", "R", 31.75, 34.02, 0, 0],
		[128, "R3_2", 675.66, -1340, "B", "SMD", "GND", "GND", "R", 31.75, 34.02, 0, 0],
		[129, "R4_1", 553.66, -1340, "B", "SMD", "BH", "", "R", 31.75, 34.02, 0, 180],
		[130, "R4_2", 494.34, -1340, "B", "SMD", "GND", "GND", "R", 31.75, 34.02, 0, 180],
		[131, "R5_1", 431.66, -1340, "B", "SMD", "BL", "", "R", 31.75, 34.02, 0, 180],
		[132, "R5_2", 372.34, -1340, "B", "SMD", "GND", "GND", "R", 31.75, 34.02, 0, 180],
		[133, "R6_1", 1312, -748.34, "B", "SMD", "AGND", "", "R", 31.75, 34.02, 0, 270],
		[134, "R6_2", 1312, -807.66, "B", "SMD", "VCC_3.3V", "", "R", 31.75, 34.02, 0, 270],
		[135, "R7_1", 432, -1279.66, "B", "SMD", "BL", "", "R", 31.75, 34.02, 0, 90],
		[136, "R7_2", 432, -1220.34, "B", "SMD", "HRTIM1_CHB2", "", "R", 31.75, 34.02, 0, 90],
		[137, "R8_1", 552, -1277.66, "B", "SMD", "BH", "", "R", 31.75, 34.02, 0, 90],
		[138, "R8_2", 552, -1218.34, "B", "SMD", "HRTIM1_CHB1", "", "R", 31.75, 34.02, 0, 90],
		[139, "R9_1", 618, -1277.66, "B", "SMD", "AL", "", "R", 31.75, 34.02, 0, 90],
		[140, "R9_2", 618, -1218.34, "B", "SMD", "HRTIM1_CHA2", "", "R", 31.75, 34.02, 0, 90],
		[141, "R10_1", 738, -1275.66, "B", "SMD", "AH", "", "R", 31.75, 34.02, 0, 90],
		[142, "R10_2", 738, -1216.34, "B", "SMD", "HRTIM1_CHA1", "", "R", 31.75, 34.02, 0, 90],
		[143, "R11_1", 952, -339.66, "B", "SMD", "NRST", "", "R", 31.75, 34.02, 0, 90],
		[144, "R11_2", 952, -280.34, "B", "SMD", "VCC_3.3V", "", "R", 31.75, 34.02, 0, 90],
		[145, "R12_1", 1266.34, -258, "B", "SMD", "RGB_B", "", "R", 31.75, 34.02, 0, 0],
		[146, "R12_2", 1325.66, -258, "B", "SMD", "$1N7217", "", "R", 31.75, 34.02, 0, 0],
		[147, "R13_1", 1266.34, -386, "B", "SMD", "RGB_G", "", "R", 31.75, 34.02, 0, 0],
		[148, "R13_2", 1325.66, -386, "B", "SMD", "$1N7209", "", "R", 31.75, 34.02, 0, 0],
		[149, "R14_1", 1266.34, -322, "B", "SMD", "RGB_R", "", "R", 31.75, 34.02, 0, 0],
		[150, "R14_2", 1325.66, -322, "B", "SMD", "$1N7207", "", "R", 31.75, 34.02, 0, 0],
		[151, "R15_1", 362.34, -268, "B", "SMD", "CAN1_L", "", "R", 31.75, 34.02, 0, 0],
		[152, "R15_2", 421.66, -268, "B", "SMD", "CAN1_H", "", "R", 31.75, 34.02, 0, 0],
		[153, "R22_1", 1312, -1378.34, "B", "SMD", "AGND", "", "R", 31.75, 34.02, 0, 270],
		[154, "R22_2", 1312, -1437.66, "B", "SMD", "$1N72436", "", "R", 31.75, 34.02, 0, 270],
		[155, "R23_1", 1245.66, -1438, "B", "SMD", "$1N72436", "", "R", 31.75, 34.02, 0, 180],
		[156, "R23_2", 1186.34, -1438, "B", "SMD", "VCC_5V", "", "R", 31.75, 34.02, 0, 180],
		[157, "RGB1_1", 1448.55, -388.99, "B", "SMD", "$1N7207", "", "R", 51.18, 33.47, 0, 270],
		[158, "RGB1_2", 1391.45, -388.99, "B", "SMD", "$1N7209", "", "R", 51.18, 33.47, 0, 270],
		[159, "RGB1_3", 1391.45, -263.01, "B", "SMD", "$1N7217", "", "R", 51.18, 33.47, 0, 270],
		[160, "RGB1_4", 1448.55, -263.01, "B", "SMD", "VCC_3.3V", "", "R", 51.18, 33.47, 0, 270],
		[161, "SW1_1", 1448.32, -200.68, "B", "SMD", "NRST", "", "R", 41.34, 27.56, 0, 90],
		[162, "SW1_2", 1448.32, -35.32, "B", "SMD", "NRST", "", "R", 41.34, 27.56, 0, 90],
		[163, "SW1_3", 1363.68, -200.68, "B", "SMD", "GND", "GND", "R", 41.34, 27.56, 0, 90],
		[164, "SW1_4", 1363.68, -35.32, "B", "SMD", "GND", "GND", "R", 41.34, 27.56, 0, 90],
		[165, "U2_1", 777.7, -450.34, "B", "SMD", "VCC_3.3V", "", "O", 11.02, 35.43, 0, 0],
		[166, "U2_2", 797.4, -450.34, "B", "SMD", "U2_2", "", "O", 11.02, 35.43, 0, 0],
		[167, "U2_3", 817.1, -450.34, "B", "SMD", "U2_3", "", "O", 11.02, 35.43, 0, 0],
		[168, "U2_4", 836.8, -450.34, "B", "SMD", "U2_4", "", "O", 11.02, 35.43, 0, 0],
		[169, "U2_5", 856.5, -450.34, "B", "SMD", "OSC_IN", "", "O", 11.02, 35.43, 0, 0],
		[170, "U2_6", 876.2, -450.34, "B", "SMD", "OSC_OUT", "", "O", 11.02, 35.43, 0, 0],
		[171, "U2_7", 895.8, -450.34, "B", "SMD", "NRST", "", "O", 11.02, 35.43, 0, 0],
		[172, "U2_8", 915.5, -450.34, "B", "SMD", "RGB_B", "", "O", 11.02, 35.43, 0, 0],
		[173, "U2_9", 935.2, -450.34, "B", "SMD", "RGB_R", "", "O", 11.02, 35.43, 0, 0],
		[174, "U2_10", 954.9, -450.34, "B", "SMD", "RGB_G", "", "O", 11.02, 35.43, 0, 0],
		[175, "U2_11", 974.6, -450.34, "B", "SMD", "BUZZ", "", "O", 11.02, 35.43, 0, 0],
		[176, "U2_12", 994.3, -450.34, "B", "SMD", "U2_12", "", "O", 11.02, 35.43, 0, 0],
		[177, "U2_13", 1025.66, -481.73, "B", "SMD", "U2_13", "", "O", 35.43, 11.02, 0, 0],
		[178, "U2_14", 1025.66, -501.42, "B", "SMD", "U2_14", "", "O", 35.43, 11.02, 0, 0],
		[179, "U2_15", 1025.66, -521.1, "B", "SMD", "ADC_I_WPT", "", "O", 35.43, 11.02, 0, 0],
		[180, "U2_16", 1025.66, -540.79, "B", "SMD", "U2_16", "", "O", 35.43, 11.02, 0, 0],
		[181, "U2_17", 1025.66, -560.47, "B", "SMD", "ADC_I_CHASSIS", "", "O", 35.43, 11.02, 0, 0],
		[182, "U2_18", 1025.66, -580.16, "B", "SMD", "U2_18", "", "O", 35.43, 11.02, 0, 0],
		[183, "U2_19", 1025.66, -599.84, "B", "SMD", "U2_19", "", "O", 35.43, 11.02, 0, 0],
		[184, "U2_20", 1025.66, -619.53, "B", "SMD", "$1N22518", "", "O", 35.43, 11.02, 0, 0],
		[185, "U2_21", 1025.66, -639.21, "B", "SMD", "$1N22567", "", "O", 35.43, 11.02, 0, 0],
		[186, "U2_22", 1025.66, -658.9, "B", "SMD", "U2_22", "", "O", 35.43, 11.02, 0, 0],
		[187, "U2_23", 1025.66, -678.58, "B", "SMD", "VCC_3.3V", "", "O", 35.43, 11.02, 0, 0],
		[188, "U2_24", 1025.66, -698.27, "B", "SMD", "ADC_I_IN", "", "O", 35.43, 11.02, 0, 0],
		[189, "U2_25", 994.3, -729.66, "B", "SMD", "ADC_V_CAP", "", "O", 11.02, 35.43, 0, 0],
		[190, "U2_26", 974.6, -729.66, "B", "SMD", "ADC_V_IN", "", "O", 11.02, 35.43, 0, 0],
		[191, "U2_27", 954.9, -729.66, "B", "SMD", "ADC_V_WPT", "", "O", 11.02, 35.43, 0, 0],
		[192, "U2_28", 935.2, -729.66, "B", "SMD", "U2_28", "", "O", 11.02, 35.43, 0, 0],
		[193, "U2_29", 915.5, -729.66, "B", "SMD", "U2_29", "", "O", 11.02, 35.43, 0, 0],
		[194, "U2_30", 895.8, -729.66, "B", "SMD", "HRTIM1_CHA1", "", "O", 11.02, 35.43, 0, 0],
		[195, "U2_31", 876.2, -729.66, "B", "SMD", "HRTIM1_CHA2", "", "O", 11.02, 35.43, 0, 0],
		[196, "U2_32", 856.5, -729.66, "B", "SMD", "HRTIM1_CHB1", "", "O", 11.02, 35.43, 0, 0],
		[197, "U2_33", 836.8, -729.66, "B", "SMD", "HRTIM1_CHB2", "", "O", 11.02, 35.43, 0, 0],
		[198, "U2_34", 817.1, -729.66, "B", "SMD", "U2_34", "", "O", 11.02, 35.43, 0, 0],
		[199, "U2_35", 797.4, -729.66, "B", "SMD", "VCC_3.3V", "", "O", 11.02, 35.43, 0, 0],
		[200, "U2_36", 777.7, -729.66, "B", "SMD", "SWDIO", "", "O", 11.02, 35.43, 0, 0],
		[201, "U2_37", 746.34, -698.3, "B", "SMD", "SWCLK", "", "O", 35.43, 11.02, 0, 0],
		[202, "U2_38", 746.34, -678.6, "B", "SMD", "POWER_CTRL", "", "O", 35.43, 11.02, 0, 0],
		[203, "U2_39", 746.34, -658.9, "B", "SMD", "U2_39", "", "O", 35.43, 11.02, 0, 0],
		[204, "U2_40", 746.34, -639.2, "B", "SMD", "U2_40", "", "O", 35.43, 11.02, 0, 0],
		[205, "U2_41", 746.34, -619.5, "B", "SMD", "FDCAN3_RX", "", "O", 35.43, 11.02, 0, 0],
		[206, "U2_42", 746.34, -599.8, "B", "SMD", "FDCAN3_TX", "", "O", 35.43, 11.02, 0, 0],
		[207, "U2_43", 746.34, -580.2, "B", "SMD", "U2_43", "", "O", 35.43, 11.02, 0, 0],
		[208, "U2_44", 746.34, -560.5, "B", "SMD", "USART1_TX", "", "O", 35.43, 11.02, 0, 0],
		[209, "U2_45", 746.34, -540.8, "B", "SMD", "USART1_RX", "", "O", 35.43, 11.02, 0, 0],
		[210, "U2_46", 746.34, -521.1, "B", "SMD", "$1N22801", "", "O", 35.43, 11.02, 0, 0],
		[211, "U2_47", 746.34, -501.4, "B", "SMD", "U2_47", "", "O", 35.43, 11.02, 0, 0],
		[212, "U2_48", 746.34, -481.7, "B", "SMD", "VCC_3.3V", "", "O", 35.43, 11.02, 0, 0],
		[213, "U2_49", 886, -590, "B", "SMD", "GND", "GND", "R", 220.47, 220.47, 0, 0],
		[214, "U4_1", 1381.4, -985.36, "B", "SMD", "VCC_5V", "", "R", 40.85, 20.95, 0, 270],
		[215, "U4_2", 1306.6, -985.36, "B", "SMD", "VREF_3.3V", "", "R", 40.85, 20.95, 0, 270],
		[216, "U4_3", 1344, -898.64, "B", "SMD", "AGND", "", "R", 40.85, 20.95, 0, 270],
		[217, "U6_1", 432.39, -436.4, "B", "SMD", "FDCAN3_TX", "", "R", 14, 28, 0, 180],
		[218, "U6_2", 406.79, -436.4, "B", "SMD", "GND", "GND", "R", 14, 28, 0, 180],
		[219, "U6_3", 381.2, -436.4, "B", "SMD", "VCC_5V", "", "R", 14, 28, 0, 180],
		[220, "U6_4", 355.61, -436.4, "B", "SMD", "FDCAN3_RX", "", "R", 14, 28, 0, 180],
		[221, "U6_5", 355.61, -323.6, "B", "SMD", "VCC_3.3V", "", "R", 14, 28, 0, 180],
		[222, "U6_6", 381.2, -323.6, "B", "SMD", "CAN1_L", "", "R", 14, 28, 0, 180],
		[223, "U6_7", 406.79, -323.6, "B", "SMD", "CAN1_H", "", "R", 14, 28, 0, 180],
		[224, "U6_8", 432.39, -323.6, "B", "SMD", "GND", "GND", "R", 14, 28, 0, 180],
		[225, "U6_9", 394, -380, "B", "SMD", "GND", "GND", "R", 94.49, 62.99, 0, 180],
		[226, "U13_1", 1244.76, -1225.42, "B", "SMD", "$1N72434", "", "R", 20.95, 42.2, 0, 270],
		[227, "U13_2", 1244.76, -1262.82, "B", "SMD", "AGND", "", "R", 20.95, 42.2, 0, 270],
		[228, "U13_3", 1244.76, -1300.22, "B", "SMD", "$1N72436", "", "R", 20.95, 42.2, 0, 270],
		[229, "U13_4", 1154.28, -1300.22, "B", "SMD", "$1N72437", "", "R", 20.95, 42.2, 0, 270],
		[230, "U13_5", 1154.28, -1262.82, "B", "SMD", "$1N72437", "", "R", 20.95, 42.2, 0, 270],
		[231, "U13_6", 1154.28, -1225.42, "B", "SMD", "$1N72438", "", "R", 20.95, 42.2, 0, 270],
		[232, "U14_1", 1390.6, -1202.58, "B", "SMD", "VCC_5V", "", "R", 19.29, 45.55, 0, 0],
		[233, "U14_2", 1428, -1202.58, "B", "SMD", "AGND", "", "R", 19.29, 45.55, 0, 0],
		[234, "U14_3", 1465.4, -1202.58, "B", "SMD", "VCC_5V", "", "R", 19.29, 45.55, 0, 0],
		[235, "U14_4", 1465.4, -1293.42, "B", "SMD", "U14_4", "", "R", 19.29, 46.26, 0, 0],
		[236, "U14_5", 1390.6, -1293.42, "B", "SMD", "VCC_3.3V", "", "R", 19.29, 46.26, 0, 0],
		[237, "Y1_1", 813.65, -290.44, "B", "SMD", "OSC_OUT", "", "R", 35.43, 31.5, 0, 270],
		[238, "Y1_2", 813.65, -345.56, "B", "SMD", "GND", "GND", "R", 35.43, 31.5, 0, 270],
		[239, "Y1_3", 770.35, -345.56, "B", "SMD", "OSC_IN", "", "R", 35.43, 31.5, 0, 270],
		[240, "Y1_4", 770.35, -290.44, "B", "SMD", "GND", "GND", "R", 35.43, 31.5, 0, 270]
	]
}
}